client_id,consumption_kwh,peak_hour_usage,equipment_quantity,property_type,high_consumption_hours,highest_consumption_category,category
1,322.9,1,6,Apartamento,2.4,Refrigeração,Mediano
2,418.7,0,3,Casa,10.8,Tecnologia,Excelente
3,594.8,1,10,Casa,10.9,Climatização,Crítico
4,470.3,0,7,Casa,8.7,Iluminação,Bom
5,665.7,0,10,Comercial,5.2,Serviços,Excelente
6,789.7,1,17,Comercial,0.8,Refrigeração,Mediano
7,369.8,1,10,Apartamento,2.2,Eletrodomésticos,Ruim
8,794.9,1,11,Comercial,5.7,Outros,Ruim
9,923.3,0,21,Comercial,8.0,Climatização,Mediano
10,495.6,1,1,Casa,8.2,Climatização,Mediano
11,648.6,0,11,Comercial,1.9,Refrigeração,Excelente
12,357.1,1,3,Apartamento,11.2,Outros,Ruim
13,964.4,1,25,Comercial,10.8,Refrigeração,Crítico
14,495.5,1,5,Apartamento,12.0,Iluminação,Crítico
15,255.1,0,2,Apartamento,6.0,Serviços,Excelente
16,284.5,0,4,Apartamento,9.4,Climatização,Bom
17,750.7,1,11,Comercial,11.0,Serviços,Ruim
18,392.2,1,10,Apartamento,6.0,Tecnologia,Ruim
19,632.7,0,24,Apartamento,11.5,Outros,Crítico
20,441.0,0,10,Casa,7.3,Serviços,Bom
21,685.6,1,6,Comercial,3.1,Refrigeração,Mediano
22,721.2,1,6,Comercial,10.8,Tecnologia,Ruim
23,464.2,1,12,Apartamento,6.3,Tecnologia,Crítico
24,498.5,1,3,Casa,9.8,Iluminação,Ruim
25,743.8,0,1,Comercial,11.7,Outros,Excelente
26,572.8,0,25,Casa,7.4,Climatização,Mediano
27,502.8,1,14,Casa,1.1,Eletrodomésticos,Ruim
28,745.1,1,1,Comercial,11.9,Climatização,Ruim
29,454.2,0,17,Apartamento,4.6,Tecnologia,Mediano
30,720.9,1,2,Comercial,9.8,Climatização,Mediano
31,772.4,0,16,Comercial,6.5,Climatização,Bom
32,431.9,0,15,Casa,0.6,Outros,Excelente
33,475.1,0,25,Apartamento,3.7,Refrigeração,Mediano
34,700.0,1,9,Comercial,4.7,Iluminação,Mediano
35,921.8,1,23,Comercial,11.1,Climatização,Crítico
36,535.4,0,17,Casa,4.1,Iluminação,Bom
37,792.2,0,20,Comercial,4.8,Climatização,Bom
38,783.0,0,15,Comercial,5.2,Tecnologia,Bom
39,646.6,0,21,Casa,10.2,Serviços,Mediano
40,471.0,0,15,Casa,0.6,Serviços,Excelente
41,687.9,0,10,Comercial,1.2,Eletrodomésticos,Excelente
42,499.7,0,5,Casa,10.2,Climatização,Bom
43,298.5,0,5,Apartamento,6.0,Eletrodomésticos,Excelente
44,414.2,1,6,Casa,7.2,Tecnologia,Mediano
45,781.9,0,24,Comercial,7.7,Refrigeração,Mediano
46,439.4,1,5,Casa,7.3,Climatização,Mediano
47,533.6,1,7,Casa,8.8,Eletrodomésticos,Ruim
48,597.4,0,22,Casa,3.9,Refrigeração,Mediano
49,809.3,1,13,Comercial,3.5,Outros,Ruim
50,654.1,0,7,Comercial,7.3,Iluminação,Excelente
51,478.2,1,13,Casa,2.3,Serviços,Ruim
52,780.4,0,7,Comercial,9.3,Climatização,Excelente
53,164.7,0,1,Apartamento,0.7,Eletrodomésticos,Excelente
54,736.7,1,24,Apartamento,10.6,Refrigeração,Crítico
55,776.0,0,15,Comercial,5.4,Refrigeração,Bom
56,385.8,0,12,Apartamento,4.4,Iluminação,Bom
57,457.3,0,5,Casa,11.5,Refrigeração,Bom
58,321.7,0,1,Casa,6.1,Serviços,Excelente
59,650.5,0,22,Casa,7.7,Serviços,Mediano
60,853.8,0,24,Comercial,1.5,Tecnologia,Bom
61,506.2,1,16,Apartamento,5.7,Iluminação,Crítico
62,603.4,1,21,Apartamento,6.2,Tecnologia,Crítico
63,813.3,0,21,Comercial,4.6,Iluminação,Bom
64,432.4,0,9,Apartamento,7.9,Eletrodomésticos,Bom
65,746.7,0,21,Comercial,2.5,Climatização,Bom
66,793.2,1,24,Casa,9.7,Climatização,Crítico
67,331.2,0,13,Apartamento,3.9,Outros,Bom
68,835.6,0,10,Comercial,10.7,Climatização,Bom
69,677.5,1,7,Comercial,0.2,Refrigeração,Mediano
70,427.9,1,8,Casa,0.8,Climatização,Mediano
71,500.6,0,4,Comercial,0.4,Climatização,Excelente
72,598.4,0,24,Casa,10.1,Refrigeração,Mediano
73,765.2,0,18,Comercial,8.4,Refrigeração,Bom
74,471.7,1,5,Casa,7.7,Serviços,Ruim
75,641.3,1,22,Casa,4.9,Outros,Crítico
76,506.0,0,16,Apartamento,11.3,Refrigeração,Ruim
77,682.4,1,6,Comercial,3.5,Climatização,Mediano
78,689.5,1,3,Comercial,11.0,Eletrodomésticos,Mediano
79,815.5,1,14,Comercial,8.4,Refrigeração,Ruim
80,511.9,1,25,Apartamento,1.4,Refrigeração,Crítico
81,839.9,0,15,Comercial,9.7,Refrigeração,Bom
82,422.3,0,10,Casa,0.8,Eletrodomésticos,Excelente
83,305.1,0,5,Casa,1.5,Climatização,Excelente
84,774.9,0,10,Comercial,8.9,Eletrodomésticos,Bom
85,605.6,0,1,Comercial,2.9,Refrigeração,Excelente
86,317.9,0,7,Apartamento,9.1,Refrigeração,Bom
87,767.6,1,19,Comercial,7.1,Iluminação,Ruim
88,621.5,0,8,Casa,11.7,Tecnologia,Mediano
89,486.4,0,15,Apartamento,9.7,Climatização,Mediano
90,585.3,1,20,Apartamento,8.8,Tecnologia,Crítico
91,449.8,0,21,Casa,1.0,Outros,Bom
92,276.8,1,4,Apartamento,1.2,Eletrodomésticos,Mediano
93,383.2,0,7,Apartamento,9.5,Iluminação,Bom
94,426.5,1,6,Casa,3.2,Outros,Mediano
95,778.3,0,9,Comercial,11.8,Serviços,Bom
96,636.3,0,23,Casa,9.5,Serviços,Mediano
97,310.9,0,7,Apartamento,1.2,Iluminação,Excelente
98,883.3,0,22,Comercial,6.0,Refrigeração,Bom
99,847.9,1,21,Comercial,6.4,Refrigeração,Crítico
100,590.0,1,7,Comercial,2.7,Climatização,Mediano
101,755.2,0,5,Comercial,10.1,Climatização,Excelente
102,583.3,1,23,Casa,7.9,Refrigeração,Crítico
103,344.4,0,17,Apartamento,3.3,Outros,Bom
104,429.6,0,13,Apartamento,5.9,Climatização,Bom
105,743.8,0,10,Comercial,10.0,Refrigeração,Bom
106,380.6,0,14,Apartamento,9.8,Tecnologia,Mediano
107,690.9,1,19,Casa,9.5,Eletrodomésticos,Crítico
108,352.5,1,2,Casa,0.8,Climatização,Bom
109,450.9,0,6,Casa,11.1,Tecnologia,Bom
110,327.2,1,10,Apartamento,0.5,Refrigeração,Mediano
111,514.3,1,3,Casa,9.7,Tecnologia,Ruim
112,737.3,0,9,Comercial,8.0,Refrigeração,Excelente
113,499.9,1,11,Casa,5.4,Iluminação,Ruim
114,281.1,0,11,Apartamento,0.6,Iluminação,Excelente
115,499.3,0,17,Casa,2.5,Iluminação,Bom
116,796.4,0,20,Comercial,11.9,Climatização,Mediano
117,317.7,0,5,Casa,0.4,Refrigeração,Excelente
118,825.1,0,8,Comercial,6.9,Refrigeração,Excelente
119,782.2,0,20,Comercial,4.5,Serviços,Bom
120,606.6,1,24,Apartamento,7.6,Eletrodomésticos,Crítico
121,690.6,0,24,Casa,10.1,Serviços,Ruim
122,648.8,0,19,Casa,9.9,Refrigeração,Mediano
123,506.0,0,17,Casa,4.9,Outros,Bom
124,704.9,1,10,Comercial,0.9,Climatização,Mediano
125,681.5,1,19,Casa,7.2,Tecnologia,Crítico
126,604.4,1,24,Apartamento,4.0,Eletrodomésticos,Crítico
127,701.1,0,25,Casa,7.3,Eletrodomésticos,Mediano
128,395.1,1,5,Casa,3.9,Climatização,Mediano
129,608.8,1,21,Apartamento,10.0,Climatização,Crítico
130,520.8,1,15,Casa,0.7,Eletrodomésticos,Ruim
131,691.7,1,1,Comercial,11.4,Climatização,Mediano
132,521.7,1,14,Apartamento,11.6,Tecnologia,Crítico
133,615.8,1,2,Comercial,3.3,Eletrodomésticos,Bom
134,741.4,0,18,Comercial,5.1,Serviços,Bom
135,931.3,1,21,Comercial,3.9,Refrigeração,Ruim
136,312.9,1,7,Apartamento,0.1,Climatização,Mediano
137,469.7,1,18,Apartamento,5.3,Serviços,Crítico
138,725.4,0,8,Comercial,11.1,Refrigeração,Bom
139,676.9,0,10,Comercial,5.1,Serviços,Excelente
140,317.2,0,1,Casa,6.7,Serviços,Excelente
141,479.0,0,12,Apartamento,7.9,Refrigeração,Mediano
142,506.3,0,19,Apartamento,6.2,Climatização,Mediano
143,699.8,0,10,Comercial,8.5,Refrigeração,Excelente
144,436.2,1,1,Casa,10.8,Outros,Ruim
145,969.0,1,23,Comercial,11.5,Serviços,Crítico
146,417.6,1,15,Apartamento,2.8,Refrigeração,Ruim
147,242.1,0,8,Apartamento,2.8,Refrigeração,Excelente
148,810.6,0,17,Comercial,10.4,Outros,Bom
149,669.5,1,5,Comercial,2.6,Refrigeração,Mediano
150,681.0,1,25,Casa,5.0,Refrigeração,Crítico
151,304.2,1,7,Apartamento,3.7,Outros,Mediano
152,681.0,1,22,Casa,10.2,Tecnologia,Crítico
153,762.6,0,24,Casa,9.8,Iluminação,Ruim
154,806.6,0,8,Comercial,10.9,Climatização,Bom
155,725.8,1,17,Casa,11.7,Iluminação,Crítico
156,653.0,0,7,Comercial,2.5,Climatização,Excelente
157,643.5,0,17,Casa,9.4,Eletrodomésticos,Mediano
158,432.4,0,5,Casa,11.8,Refrigeração,Bom
159,408.8,1,2,Casa,3.2,Outros,Mediano
160,351.7,0,8,Casa,4.5,Iluminação,Excelente
161,543.7,1,23,Apartamento,3.3,Refrigeração,Crítico
162,789.6,1,6,Comercial,11.4,Refrigeração,Ruim
163,515.2,0,23,Casa,1.0,Outros,Bom
164,697.6,0,6,Comercial,8.8,Climatização,Excelente
165,781.3,0,22,Comercial,3.1,Serviços,Bom
166,599.9,1,22,Apartamento,9.5,Tecnologia,Crítico
167,833.5,0,22,Comercial,6.3,Climatização,Bom
168,637.3,0,10,Comercial,2.3,Refrigeração,Excelente
169,521.1,1,18,Apartamento,7.5,Iluminação,Crítico
170,746.3,0,11,Comercial,6.9,Eletrodomésticos,Excelente
171,669.8,1,5,Comercial,6.3,Climatização,Mediano
172,507.9,1,12,Casa,8.6,Eletrodomésticos,Ruim
173,492.4,1,11,Apartamento,9.5,Climatização,Crítico
174,512.4,1,24,Apartamento,8.3,Iluminação,Crítico
175,492.7,0,20,Apartamento,2.0,Eletrodomésticos,Mediano
176,479.6,1,5,Casa,4.1,Climatização,Mediano
177,352.6,0,7,Apartamento,5.5,Eletrodomésticos,Bom
178,482.7,1,16,Apartamento,7.4,Tecnologia,Crítico
179,262.9,0,10,Apartamento,2.8,Serviços,Excelente
180,752.4,1,20,Casa,9.1,Tecnologia,Crítico
181,582.4,0,19,Casa,5.1,Eletrodomésticos,Bom
182,660.8,1,23,Apartamento,6.8,Refrigeração,Crítico
183,375.9,0,2,Casa,5.3,Refrigeração,Excelente
184,811.3,0,14,Comercial,7.1,Refrigeração,Bom
185,656.4,0,4,Comercial,4.7,Climatização,Excelente
186,343.7,0,11,Apartamento,4.1,Eletrodomésticos,Bom
187,643.4,0,20,Casa,4.2,Outros,Mediano
188,402.4,0,3,Casa,4.7,Iluminação,Excelente
189,572.8,0,2,Comercial,4.8,Climatização,Excelente
190,423.5,1,5,Casa,2.6,Tecnologia,Mediano
191,682.1,1,2,Comercial,5.9,Climatização,Mediano
192,618.3,0,4,Comercial,6.7,Climatização,Excelente
193,342.7,1,6,Apartamento,6.4,Eletrodomésticos,Ruim
194,655.6,1,4,Comercial,6.8,Eletrodomésticos,Mediano
195,740.0,1,20,Casa,10.6,Outros,Crítico
196,943.5,1,25,Comercial,8.2,Climatização,Crítico
197,413.8,1,15,Apartamento,4.4,Eletrodomésticos,Crítico
198,697.5,0,14,Comercial,3.4,Eletrodomésticos,Excelente
199,421.9,0,20,Apartamento,0.5,Tecnologia,Bom
200,674.1,1,22,Casa,11.3,Tecnologia,Crítico
201,702.2,1,16,Comercial,3.1,Refrigeração,Ruim
202,412.2,0,11,Casa,3.3,Eletrodomésticos,Excelente
203,808.1,0,19,Comercial,1.8,Climatização,Bom
204,668.0,0,9,Comercial,7.2,Climatização,Excelente
205,442.7,0,9,Casa,4.8,Outros,Excelente
206,294.8,1,5,Apartamento,4.7,Eletrodomésticos,Mediano
207,450.4,1,15,Apartamento,3.3,Serviços,Crítico
208,556.8,0,23,Casa,2.5,Iluminação,Bom
209,391.3,0,10,Apartamento,8.3,Iluminação,Bom
210,632.7,1,5,Comercial,3.2,Refrigeração,Mediano
211,329.8,1,10,Apartamento,2.7,Refrigeração,Ruim
212,625.2,0,20,Casa,10.0,Tecnologia,Mediano
213,485.0,1,12,Apartamento,6.8,Climatização,Crítico
214,330.4,0,14,Apartamento,1.5,Climatização,Bom
215,732.9,1,8,Comercial,4.5,Iluminação,Mediano
216,640.5,1,18,Casa,7.7,Outros,Crítico
217,573.0,1,24,Apartamento,1.8,Outros,Crítico
218,812.7,0,17,Comercial,7.7,Climatização,Bom
219,183.3,0,3,Apartamento,2.7,Tecnologia,Excelente
220,774.0,0,16,Comercial,7.1,Outros,Bom
221,687.1,1,25,Casa,2.9,Serviços,Crítico
222,585.5,1,3,Comercial,2.4,Iluminação,Bom
223,637.4,0,2,Comercial,6.9,Climatização,Excelente
224,462.3,1,13,Casa,1.3,Eletrodomésticos,Mediano
225,733.2,1,22,Casa,10.2,Eletrodomésticos,Crítico
226,688.9,0,24,Apartamento,10.6,Climatização,Crítico
227,811.3,1,21,Comercial,8.7,Climatização,Crítico
228,500.2,1,9,Casa,4.6,Eletrodomésticos,Ruim
229,456.7,1,9,Apartamento,8.6,Outros,Crítico
230,160.8,0,1,Apartamento,2.6,Outros,Excelente
231,466.0,1,11,Apartamento,8.7,Outros,Crítico
232,507.9,1,12,Casa,8.9,Tecnologia,Ruim
233,560.0,1,22,Apartamento,11.2,Outros,Crítico
234,872.4,1,12,Comercial,11.6,Climatização,Crítico
235,560.8,1,13,Casa,9.8,Eletrodomésticos,Crítico
236,502.4,0,24,Apartamento,10.0,Eletrodomésticos,Ruim
237,659.5,0,13,Comercial,2.6,Climatização,Excelente
238,788.5,1,1,Comercial,10.9,Climatização,Mediano
239,647.6,1,8,Comercial,1.1,Iluminação,Mediano
240,776.9,0,13,Comercial,9.6,Iluminação,Bom
241,531.1,1,14,Casa,5.4,Climatização,Ruim
242,392.2,1,6,Apartamento,8.6,Climatização,Ruim
243,412.0,1,10,Apartamento,8.6,Iluminação,Crítico
244,517.0,1,5,Casa,9.2,Outros,Ruim
245,842.6,1,21,Comercial,3.2,Refrigeração,Ruim
246,462.4,1,6,Casa,6.3,Outros,Ruim
247,408.5,0,21,Apartamento,11.8,Tecnologia,Ruim
248,840.1,0,13,Comercial,10.8,Eletrodomésticos,Bom
249,882.7,1,19,Comercial,10.8,Refrigeração,Crítico
250,403.7,1,8,Apartamento,6.8,Iluminação,Ruim
251,480.4,0,24,Apartamento,11.4,Tecnologia,Ruim
252,594.8,0,2,Comercial,5.1,Refrigeração,Excelente
253,347.5,0,11,Apartamento,3.8,Climatização,Bom
254,626.1,1,16,Casa,10.5,Climatização,Crítico
255,769.8,1,13,Comercial,6.7,Refrigeração,Ruim
256,594.5,0,25,Apartamento,7.5,Eletrodomésticos,Ruim
257,569.9,1,18,Casa,5.1,Serviços,Crítico
258,627.5,0,2,Comercial,6.0,Refrigeração,Excelente
259,668.3,1,10,Casa,11.5,Iluminação,Crítico
260,806.7,0,18,Comercial,0.6,Climatização,Excelente
261,404.3,1,5,Casa,4.9,Serviços,Mediano
262,530.2,0,22,Casa,5.0,Eletrodomésticos,Bom
263,434.1,0,2,Casa,10.6,Eletrodomésticos,Excelente
264,344.8,0,2,Apartamento,11.3,Iluminação,Bom
265,367.6,1,12,Apartamento,2.4,Serviços,Ruim
266,425.3,1,11,Casa,1.2,Outros,Mediano
267,632.2,0,22,Casa,8.5,Eletrodomésticos,Mediano
268,685.0,0,9,Comercial,2.3,Eletrodomésticos,Excelente
269,495.1,0,22,Casa,0.0,Tecnologia,Bom
270,518.6,1,22,Casa,0.8,Outros,Ruim
271,571.2,1,13,Apartamento,8.8,Tecnologia,Crítico
272,665.3,1,21,Casa,7.1,Tecnologia,Crítico
273,435.5,1,8,Casa,2.0,Eletrodomésticos,Mediano
274,908.2,0,23,Comercial,3.3,Refrigeração,Bom
275,290.9,0,7,Apartamento,4.8,Iluminação,Excelente
276,557.7,1,21,Apartamento,6.0,Eletrodomésticos,Crítico
277,435.7,0,20,Apartamento,0.9,Iluminação,Bom
278,549.4,0,18,Apartamento,8.0,Climatização,Ruim
279,526.6,1,9,Casa,7.3,Tecnologia,Ruim
280,626.0,0,13,Casa,8.7,Outros,Mediano
281,705.7,1,18,Casa,10.7,Climatização,Crítico
282,536.9,0,20,Casa,0.3,Climatização,Bom
283,438.6,0,19,Apartamento,0.6,Refrigeração,Bom
284,633.2,1,3,Comercial,2.1,Serviços,Bom
285,646.8,1,25,Apartamento,10.0,Climatização,Crítico
286,863.0,1,21,Comercial,9.8,Climatização,Crítico
287,714.6,0,10,Comercial,7.9,Refrigeração,Excelente
288,506.7,0,15,Apartamento,6.6,Eletrodomésticos,Mediano
289,524.7,1,10,Apartamento,10.1,Climatização,Crítico
290,885.6,1,12,Comercial,11.7,Refrigeração,Crítico
291,521.2,0,19,Casa,0.4,Climatização,Bom
292,842.6,0,14,Comercial,9.9,Refrigeração,Bom
293,580.9,0,19,Casa,6.7,Eletrodomésticos,Mediano
294,514.7,1,3,Casa,10.2,Climatização,Ruim
295,359.8,1,17,Apartamento,0.2,Serviços,Ruim
296,547.6,0,17,Casa,3.9,Iluminação,Bom
297,649.9,0,25,Casa,6.7,Serviços,Mediano
298,215.4,1,1,Apartamento,0.1,Tecnologia,Bom
299,776.8,1,24,Comercial,2.9,Iluminação,Ruim
300,467.2,0,24,Casa,0.1,Climatização,Bom
301,593.8,0,22,Casa,10.4,Climatização,Mediano
302,811.2,1,8,Comercial,10.7,Tecnologia,Ruim
303,686.5,1,20,Casa,5.8,Eletrodomésticos,Crítico
304,393.0,0,17,Apartamento,0.8,Iluminação,Bom
305,260.9,0,2,Apartamento,8.0,Climatização,Excelente
306,692.0,1,14,Comercial,1.1,Outros,Mediano
307,317.1,0,9,Apartamento,6.3,Iluminação,Bom
308,792.5,0,21,Comercial,5.9,Refrigeração,Bom
309,500.9,1,16,Casa,2.7,Refrigeração,Ruim
310,668.7,1,1,Comercial,6.8,Tecnologia,Mediano
311,504.9,0,6,Comercial,1.8,Refrigeração,Excelente
312,457.0,1,8,Casa,8.0,Eletrodomésticos,Ruim
313,821.4,1,14,Comercial,7.0,Tecnologia,Ruim
314,624.3,1,9,Casa,10.5,Eletrodomésticos,Crítico
315,427.3,0,17,Apartamento,7.6,Climatização,Mediano
316,420.7,1,13,Apartamento,2.7,Tecnologia,Ruim
317,374.8,1,15,Apartamento,1.4,Refrigeração,Ruim
318,536.8,0,17,Casa,3.6,Iluminação,Bom
319,477.8,1,12,Casa,2.2,Iluminação,Ruim
320,486.6,0,25,Apartamento,5.8,Outros,Ruim
321,653.1,1,10,Casa,9.1,Outros,Crítico
322,482.3,0,1,Casa,10.9,Serviços,Excelente
323,363.9,1,5,Apartamento,7.5,Tecnologia,Ruim
324,769.3,1,15,Comercial,6.2,Climatização,Ruim
325,439.4,1,17,Apartamento,2.9,Climatização,Crítico
326,617.0,0,8,Comercial,2.7,Refrigeração,Excelente
327,394.7,0,8,Casa,0.1,Tecnologia,Excelente
328,747.6,0,23,Casa,10.5,Tecnologia,Ruim
329,495.6,0,10,Casa,9.5,Iluminação,Bom
330,567.4,1,24,Apartamento,8.7,Refrigeração,Crítico
331,414.5,1,13,Apartamento,5.4,Outros,Crítico
332,275.6,0,4,Apartamento,7.7,Eletrodomésticos,Excelente
333,591.6,1,21,Casa,5.0,Serviços,Crítico
334,390.5,0,14,Casa,2.3,Outros,Excelente
335,395.2,0,7,Apartamento,9.2,Refrigeração,Bom
336,830.7,1,11,Comercial,9.3,Climatização,Ruim
337,603.4,1,22,Apartamento,11.4,Serviços,Crítico
338,769.4,0,15,Comercial,6.6,Refrigeração,Bom
339,398.0,0,12,Apartamento,0.1,Iluminação,Bom
340,374.8,0,21,Apartamento,1.4,Tecnologia,Bom
341,1013.6,0,22,Comercial,10.4,Climatização,Mediano
342,214.0,0,7,Apartamento,3.4,Eletrodomésticos,Excelente
343,503.7,0,22,Apartamento,4.6,Eletrodomésticos,Mediano
344,585.5,1,22,Apartamento,5.9,Eletrodomésticos,Crítico
345,607.4,0,13,Casa,11.2,Eletrodomésticos,Mediano
346,492.1,1,10,Casa,4.3,Outros,Ruim
347,396.4,1,13,Apartamento,5.5,Iluminação,Crítico
348,303.0,1,10,Apartamento,2.3,Outros,Mediano
349,873.5,1,18,Comercial,9.0,Refrigeração,Crítico
350,699.4,1,3,Comercial,5.6,Refrigeração,Mediano
351,485.2,0,10,Casa,6.1,Serviços,Bom
352,922.0,1,17,Comercial,7.6,Refrigeração,Ruim
353,689.1,1,3,Comercial,9.9,Climatização,Mediano
354,534.6,1,25,Apartamento,7.2,Eletrodomésticos,Crítico
355,470.0,0,13,Apartamento,8.8,Refrigeração,Mediano
356,343.8,0,3,Casa,4.2,Tecnologia,Excelente
357,745.6,1,11,Comercial,2.5,Eletrodomésticos,Mediano
358,803.2,0,12,Comercial,10.6,Eletrodomésticos,Bom
359,410.1,0,19,Apartamento,0.6,Tecnologia,Bom
360,751.0,0,6,Comercial,11.3,Refrigeração,Bom
361,533.0,0,3,Comercial,0.6,Outros,Excelente
362,584.3,1,22,Casa,0.6,Outros,Ruim
363,427.4,0,16,Apartamento,7.1,Serviços,Mediano
364,596.8,0,23,Casa,6.0,Refrigeração,Mediano
365,392.8,0,9,Apartamento,9.0,Eletrodomésticos,Bom
366,832.8,1,17,Comercial,11.1,Climatização,Crítico
367,278.3,0,1,Apartamento,4.6,Iluminação,Excelente
368,612.8,1,24,Casa,5.5,Serviços,Crítico
369,563.7,0,5,Comercial,0.4,Climatização,Excelente
370,371.4,0,10,Apartamento,10.0,Iluminação,Bom
371,735.2,1,5,Comercial,4.9,Climatização,Mediano
372,375.0,1,5,Apartamento,7.1,Iluminação,Ruim
373,339.7,1,4,Casa,0.8,Tecnologia,Bom
374,859.6,0,16,Comercial,8.7,Refrigeração,Bom
375,586.8,1,7,Casa,11.5,Iluminação,Crítico
376,312.9,0,11,Apartamento,0.7,Eletrodomésticos,Excelente
377,676.1,1,8,Comercial,2.0,Refrigeração,Mediano
378,478.7,1,10,Casa,5.6,Serviços,Ruim
379,422.3,0,11,Casa,5.4,Climatização,Excelente
380,947.5,1,21,Comercial,10.2,Eletrodomésticos,Crítico
381,741.3,0,20,Casa,11.7,Outros,Ruim
382,903.4,1,16,Comercial,9.8,Climatização,Crítico
383,628.9,0,10,Comercial,2.7,Climatização,Excelente
384,615.2,0,3,Comercial,3.2,Refrigeração,Excelente
385,396.4,1,14,Apartamento,0.3,Refrigeração,Ruim
386,687.2,1,2,Comercial,9.6,Refrigeração,Mediano
387,820.4,0,20,Comercial,4.1,Climatização,Bom
388,475.1,0,23,Casa,2.7,Outros,Bom
389,515.6,1,17,Casa,9.4,Serviços,Crítico
390,351.4,0,14,Apartamento,1.3,Serviços,Bom
391,680.2,1,1,Comercial,9.1,Eletrodomésticos,Mediano
392,867.9,0,9,Comercial,11.7,Climatização,Bom
393,508.8,0,21,Apartamento,8.4,Tecnologia,Ruim
394,740.3,1,16,Comercial,3.6,Serviços,Ruim
395,515.9,0,18,Casa,3.0,Outros,Bom
396,477.1,1,19,Casa,1.2,Climatização,Ruim
397,391.3,1,1,Casa,3.7,Tecnologia,Mediano
398,636.0,1,3,Comercial,4.0,Serviços,Mediano
399,911.8,1,9,Comercial,11.5,Refrigeração,Ruim
400,735.3,0,10,Comercial,4.2,Eletrodomésticos,Excelente
401,494.9,1,19,Apartamento,3.9,Eletrodomésticos,Crítico
402,588.2,1,22,Apartamento,7.8,Refrigeração,Crítico
403,943.0,1,22,Comercial,4.4,Climatização,Crítico
404,644.3,0,3,Comercial,5.6,Eletrodomésticos,Excelente
405,328.8,1,10,Apartamento,1.3,Eletrodomésticos,Mediano
406,681.4,0,3,Comercial,7.6,Tecnologia,Excelente
407,346.2,0,7,Apartamento,6.7,Tecnologia,Bom
408,729.9,1,25,Casa,9.1,Climatização,Crítico
409,319.7,1,5,Apartamento,7.4,Climatização,Ruim
410,614.6,0,7,Comercial,2.2,Outros,Excelente
411,746.7,1,19,Casa,10.5,Serviços,Crítico
412,467.9,1,12,Apartamento,7.8,Climatização,Crítico
413,434.4,0,24,Apartamento,1.7,Climatização,Mediano
414,343.7,1,2,Apartamento,6.6,Iluminação,Ruim
415,542.7,1,21,Casa,1.6,Climatização,Ruim
416,738.7,1,25,Casa,4.9,Climatização,Crítico
417,404.9,1,6,Apartamento,8.8,Iluminação,Ruim
418,310.5,0,15,Apartamento,4.2,Climatização,Bom
419,614.7,0,17,Casa,10.8,Iluminação,Mediano
420,330.0,1,1,Casa,5.4,Refrigeração,Mediano
421,619.1,0,5,Comercial,5.4,Iluminação,Excelente
422,966.4,1,21,Comercial,10.1,Serviços,Crítico
423,310.2,0,9,Apartamento,2.6,Serviços,Excelente
424,367.6,0,1,Casa,4.0,Climatização,Excelente
425,941.2,1,24,Comercial,11.4,Climatização,Crítico
426,891.8,0,24,Comercial,7.6,Refrigeração,Mediano
427,626.9,0,12,Comercial,3.0,Eletrodomésticos,Excelente
428,292.9,1,9,Apartamento,2.3,Climatização,Mediano
429,833.5,1,19,Comercial,7.5,Climatização,Ruim
430,428.2,0,13,Casa,4.2,Outros,Excelente
431,713.6,1,9,Comercial,5.6,Refrigeração,Mediano
432,393.9,0,3,Casa,5.4,Iluminação,Excelente
433,372.5,0,4,Casa,7.3,Serviços,Excelente
434,922.5,1,17,Comercial,9.0,Refrigeração,Crítico
435,530.3,1,15,Apartamento,9.1,Tecnologia,Crítico
436,149.0,0,1,Apartamento,0.2,Iluminação,Excelente
437,797.4,0,19,Comercial,6.3,Climatização,Bom
438,516.7,1,11,Casa,8.8,Tecnologia,Ruim
439,560.3,1,15,Apartamento,11.4,Eletrodomésticos,Crítico
440,617.3,1,19,Apartamento,5.2,Refrigeração,Crítico
441,497.1,0,1,Comercial,3.0,Climatização,Excelente
442,505.9,0,15,Apartamento,10.0,Climatização,Mediano
443,443.4,0,19,Casa,0.7,Tecnologia,Bom
444,304.1,0,6,Apartamento,11.5,Outros,Bom
445,747.7,1,25,Casa,9.5,Serviços,Crítico
446,307.8,1,5,Apartamento,4.2,Refrigeração,Mediano
447,411.4,0,1,Casa,7.1,Tecnologia,Excelente
448,419.0,0,11,Casa,3.7,Eletrodomésticos,Excelente
449,437.8,1,6,Casa,8.7,Iluminação,Ruim
450,391.3,0,12,Apartamento,11.6,Iluminação,Mediano
451,439.9,1,12,Casa,0.2,Tecnologia,Mediano
452,465.6,0,9,Casa,8.4,Eletrodomésticos,Bom
453,720.2,1,24,Casa,4.8,Serviços,Crítico
454,870.0,1,16,Comercial,4.9,Climatização,Ruim
455,949.2,0,24,Comercial,8.5,Iluminação,Mediano
456,438.2,0,8,Casa,3.1,Eletrodomésticos,Excelente
457,521.6,0,21,Apartamento,5.0,Climatização,Mediano
458,772.7,1,14,Comercial,3.1,Refrigeração,Mediano
459,934.1,1,24,Comercial,8.9,Refrigeração,Crítico
460,741.2,1,11,Comercial,3.4,Refrigeração,Mediano
461,666.0,0,24,Casa,8.5,Refrigeração,Mediano
462,410.1,0,6,Casa,8.1,Serviços,Excelente
463,674.6,1,13,Comercial,1.5,Climatização,Mediano
464,583.5,1,21,Casa,2.0,Iluminação,Crítico
465,475.6,1,22,Apartamento,7.1,Iluminação,Crítico
466,859.1,1,19,Comercial,9.6,Climatização,Crítico
467,782.0,0,17,Comercial,10.6,Refrigeração,Bom
468,553.1,1,20,Casa,4.0,Tecnologia,Crítico
469,197.6,0,1,Apartamento,2.8,Serviços,Excelente
470,195.1,0,4,Apartamento,0.2,Iluminação,Excelente
471,387.7,1,4,Casa,3.6,Tecnologia,Mediano
472,876.4,0,23,Comercial,7.9,Climatização,Mediano
473,504.2,1,13,Casa,7.5,Outros,Ruim
474,641.4,1,21,Casa,0.5,Refrigeração,Crítico
475,786.2,0,17,Comercial,3.4,Climatização,Bom
476,432.6,1,16,Apartamento,5.0,Eletrodomésticos,Crítico
477,463.3,1,8,Casa,1.6,Serviços,Mediano
478,253.7,1,6,Apartamento,0.8,Climatização,Mediano
479,361.1,1,5,Casa,0.9,Climatização,Mediano
480,541.1,1,17,Apartamento,7.8,Climatização,Crítico
481,458.8,1,20,Apartamento,1.4,Eletrodomésticos,Crítico
482,660.5,0,21,Comercial,1.0,Iluminação,Excelente
483,795.2,0,9,Comercial,7.0,Iluminação,Excelente
484,626.0,0,19,Casa,9.0,Tecnologia,Mediano
485,312.3,0,8,Apartamento,8.5,Refrigeração,Bom
486,763.6,1,13,Comercial,4.7,Climatização,Ruim
487,474.7,0,25,Apartamento,7.1,Climatização,Ruim
488,659.7,0,15,Casa,11.8,Climatização,Mediano
489,708.6,0,24,Casa,3.3,Tecnologia,Mediano
490,644.9,1,6,Comercial,5.8,Refrigeração,Mediano
491,761.9,1,6,Comercial,11.9,Eletrodomésticos,Ruim
492,507.4,0,21,Casa,5.3,Serviços,Bom
493,531.4,1,13,Casa,7.5,Climatização,Ruim
494,348.1,0,6,Casa,0.4,Iluminação,Excelente
495,678.8,1,4,Comercial,6.5,Refrigeração,Mediano
496,816.1,0,10,Comercial,10.7,Outros,Bom
497,365.9,0,18,Apartamento,0.7,Climatização,Bom
498,723.7,1,12,Comercial,0.9,Refrigeração,Mediano
499,744.6,0,13,Comercial,7.7,Outros,Bom
500,885.4,1,11,Comercial,12.0,Climatização,Ruim
501,713.4,0,23,Casa,11.5,Tecnologia,Ruim
502,327.4,0,12,Apartamento,1.8,Tecnologia,Excelente
503,756.8,1,17,Comercial,0.5,Refrigeração,Mediano
504,282.8,1,2,Apartamento,5.5,Iluminação,Mediano
505,757.1,1,8,Comercial,9.9,Eletrodomésticos,Ruim
506,423.5,0,12,Casa,1.5,Eletrodomésticos,Excelente
507,559.4,1,14,Apartamento,10.2,Iluminação,Crítico
508,303.4,0,21,Apartamento,0.3,Climatização,Bom
509,541.7,0,14,Casa,6.2,Eletrodomésticos,Bom
510,387.4,1,5,Casa,2.3,Climatização,Mediano
511,470.6,0,15,Apartamento,7.4,Refrigeração,Mediano
512,323.7,0,16,Apartamento,1.9,Climatização,Bom
513,623.2,0,22,Apartamento,11.9,Eletrodomésticos,Crítico
514,779.4,1,17,Comercial,7.4,Climatização,Ruim
515,602.0,1,14,Casa,11.4,Refrigeração,Crítico
516,884.7,0,24,Comercial,2.6,Iluminação,Bom
517,414.1,1,17,Apartamento,0.4,Tecnologia,Ruim
518,695.7,1,25,Apartamento,10.3,Eletrodomésticos,Crítico
519,327.9,1,5,Casa,1.4,Refrigeração,Mediano
520,732.3,0,6,Comercial,10.3,Refrigeração,Excelente
521,770.2,1,23,Casa,10.9,Eletrodomésticos,Crítico
522,828.4,1,14,Comercial,8.7,Climatização,Ruim
523,825.0,1,24,Comercial,3.8,Climatização,Ruim
524,291.9,1,11,Apartamento,4.4,Iluminação,Ruim
525,765.2,0,18,Comercial,3.1,Refrigeração,Bom
526,643.3,1,19,Casa,10.1,Refrigeração,Crítico
527,513.3,0,18,Casa,11.2,Refrigeração,Mediano
528,764.7,1,17,Comercial,1.9,Tecnologia,Ruim
529,562.6,1,22,Casa,0.6,Climatização,Ruim
530,728.9,1,19,Casa,10.2,Tecnologia,Crítico
531,337.4,0,3,Casa,5.4,Refrigeração,Excelente
532,426.8,1,17,Apartamento,2.9,Outros,Crítico
533,772.8,1,13,Comercial,4.2,Iluminação,Ruim
534,724.4,1,13,Comercial,3.5,Climatização,Mediano
535,388.2,0,13,Apartamento,3.9,Climatização,Bom
536,545.3,1,7,Casa,8.3,Serviços,Ruim
537,341.4,1,13,Apartamento,0.3,Refrigeração,Ruim
538,497.1,0,20,Casa,3.3,Serviços,Bom
539,686.2,0,13,Comercial,1.1,Tecnologia,Excelente
540,652.9,1,7,Comercial,2.1,Climatização,Mediano
541,575.4,1,3,Comercial,3.1,Eletrodomésticos,Bom
542,754.1,1,21,Comercial,1.2,Eletrodomésticos,Ruim
543,217.4,0,2,Apartamento,1.5,Outros,Excelente
544,539.4,1,24,Apartamento,8.5,Iluminação,Crítico
545,983.8,0,24,Comercial,6.4,Iluminação,Mediano
546,751.7,1,7,Comercial,8.0,Tecnologia,Ruim
547,314.9,0,3,Casa,4.6,Outros,Excelente
548,687.2,0,1,Comercial,10.8,Iluminação,Excelente
549,688.2,0,17,Comercial,0.6,Eletrodomésticos,Excelente
550,635.9,0,10,Comercial,0.2,Climatização,Excelente
551,497.6,1,4,Casa,11.1,Outros,Ruim
552,699.9,0,3,Comercial,7.0,Climatização,Excelente
553,405.7,0,2,Casa,5.8,Serviços,Excelente
554,482.4,1,17,Apartamento,11.3,Refrigeração,Crítico
555,254.1,0,2,Apartamento,5.4,Climatização,Excelente
556,478.6,0,13,Apartamento,7.6,Serviços,Mediano
557,763.3,0,20,Comercial,2.7,Refrigeração,Bom
558,635.4,1,1,Comercial,5.6,Climatização,Mediano
559,928.1,1,23,Comercial,7.8,Refrigeração,Crítico
560,530.1,0,17,Casa,7.8,Outros,Bom
561,442.8,0,5,Apartamento,11.8,Eletrodomésticos,Mediano
562,338.1,1,1,Casa,1.7,Eletrodomésticos,Bom
563,233.3,1,1,Apartamento,0.3,Iluminação,Bom
564,399.7,1,5,Casa,3.6,Serviços,Mediano
565,354.7,0,9,Casa,0.9,Refrigeração,Excelente
566,326.0,1,3,Casa,1.4,Iluminação,Bom
567,558.6,0,23,Casa,9.3,Climatização,Mediano
568,380.4,1,4,Apartamento,9.7,Eletrodomésticos,Ruim
569,351.9,0,5,Casa,2.4,Eletrodomésticos,Excelente
570,696.5,1,1,Comercial,6.5,Refrigeração,Mediano
571,384.9,1,14,Apartamento,2.7,Tecnologia,Ruim
572,609.5,1,5,Comercial,0.1,Refrigeração,Bom
573,740.6,0,11,Comercial,7.2,Climatização,Excelente
574,319.0,1,16,Apartamento,0.1,Outros,Ruim
575,443.0,0,9,Casa,0.5,Refrigeração,Excelente
576,418.9,1,4,Casa,1.3,Iluminação,Mediano
577,757.5,1,18,Casa,9.7,Serviços,Crítico
578,716.8,0,12,Comercial,6.8,Climatização,Excelente
579,718.5,0,23,Casa,9.6,Eletrodomésticos,Ruim
580,509.0,1,17,Apartamento,4.5,Iluminação,Crítico
581,841.9,1,23,Comercial,4.6,Refrigeração,Ruim
582,322.0,1,5,Apartamento,4.2,Iluminação,Mediano
583,823.9,1,14,Comercial,5.6,Refrigeração,Ruim
584,415.4,0,7,Casa,3.8,Iluminação,Excelente
585,453.3,0,9,Casa,3.5,Iluminação,Excelente
586,829.6,0,23,Comercial,4.5,Refrigeração,Bom
587,671.1,0,25,Casa,10.7,Refrigeração,Ruim
588,388.1,1,19,Apartamento,3.7,Tecnologia,Crítico
589,734.7,0,14,Comercial,6.7,Climatização,Bom
590,912.3,1,23,Comercial,3.3,Climatização,Ruim
591,770.5,1,17,Comercial,2.0,Climatização,Ruim
592,509.3,1,2,Casa,9.8,Iluminação,Ruim
593,371.5,1,5,Casa,0.8,Iluminação,Mediano
594,305.4,0,4,Casa,1.5,Tecnologia,Excelente
595,781.2,0,25,Comercial,2.0,Refrigeração,Bom
596,709.6,1,9,Comercial,6.7,Tecnologia,Mediano
597,840.9,1,20,Comercial,1.8,Climatização,Ruim
598,444.4,0,12,Casa,1.6,Outros,Excelente
599,522.4,1,8,Casa,7.3,Serviços,Ruim
600,811.9,1,20,Comercial,0.5,Climatização,Ruim
601,456.7,0,18,Apartamento,8.8,Iluminação,Mediano
602,401.1,1,4,Casa,5.9,Eletrodomésticos,Mediano
603,828.5,1,23,Comercial,0.5,Eletrodomésticos,Ruim
604,418.3,0,20,Apartamento,1.4,Outros,Bom
605,642.4,1,8,Comercial,1.4,Eletrodomésticos,Mediano
606,432.1,1,12,Apartamento,7.0,Refrigeração,Crítico
607,604.6,0,5,Comercial,2.2,Climatização,Excelente
608,394.0,1,20,Apartamento,0.8,Serviços,Crítico
609,333.8,1,3,Apartamento,8.8,Refrigeração,Ruim
610,393.9,1,7,Apartamento,7.1,Refrigeração,Ruim
611,411.3,0,22,Apartamento,1.4,Climatização,Mediano
612,362.3,1,1,Casa,0.4,Tecnologia,Bom
613,684.0,1,22,Casa,8.9,Eletrodomésticos,Crítico
614,911.1,0,25,Comercial,9.2,Climatização,Mediano
615,701.8,1,12,Comercial,3.8,Refrigeração,Mediano
616,816.5,0,25,Comercial,3.5,Climatização,Bom
617,352.9,1,12,Apartamento,3.7,Climatização,Ruim
618,751.4,0,12,Comercial,4.4,Refrigeração,Excelente
619,612.8,0,10,Comercial,1.5,Climatização,Excelente
620,145.9,0,1,Apartamento,0.7,Serviços,Excelente
621,356.7,0,2,Casa,9.8,Iluminação,Excelente
622,632.7,0,24,Casa,0.1,Eletrodomésticos,Bom
623,604.6,0,16,Casa,6.3,Refrigeração,Bom
624,562.9,0,13,Casa,7.3,Serviços,Bom
625,409.3,1,6,Casa,5.2,Serviços,Mediano
626,315.6,0,1,Apartamento,9.3,Tecnologia,Excelente
627,338.3,0,6,Apartamento,6.9,Tecnologia,Bom
628,737.2,1,7,Comercial,7.0,Iluminação,Mediano
629,362.5,0,8,Apartamento,10.4,Outros,Bom
630,169.0,0,3,Apartamento,0.5,Climatização,Excelente
631,378.9,0,13,Apartamento,8.9,Tecnologia,Mediano
632,276.4,0,7,Apartamento,2.6,Eletrodomésticos,Excelente
633,743.6,1,9,Comercial,8.2,Climatização,Ruim
634,295.3,0,3,Apartamento,7.6,Serviços,Excelente
635,520.8,1,6,Casa,5.9,Eletrodomésticos,Ruim
636,448.1,1,1,Casa,7.5,Serviços,Mediano
637,901.6,0,21,Comercial,9.8,Tecnologia,Mediano
638,302.8,1,6,Apartamento,5.1,Climatização,Mediano
639,485.1,0,8,Casa,10.3,Eletrodomésticos,Bom
640,701.5,0,24,Casa,11.5,Outros,Ruim
641,443.9,0,1,Casa,10.1,Eletrodomésticos,Excelente
642,283.2,1,3,Apartamento,3.6,Climatização,Mediano
643,308.8,0,1,Casa,1.5,Serviços,Excelente
644,586.9,1,22,Casa,3.8,Eletrodomésticos,Crítico
645,454.9,1,18,Apartamento,9.4,Iluminação,Crítico
646,645.4,1,5,Comercial,3.6,Refrigeração,Mediano
647,838.5,1,11,Comercial,11.1,Climatização,Ruim
648,742.4,0,18,Comercial,0.1,Climatização,Excelente
649,788.4,0,13,Comercial,8.4,Refrigeração,Bom
650,524.8,1,23,Casa,0.1,Outros,Ruim
651,502.8,1,15,Apartamento,6.1,Eletrodomésticos,Crítico
652,802.1,1,25,Casa,10.4,Outros,Crítico
653,592.0,1,3,Comercial,2.0,Iluminação,Bom
654,640.4,0,8,Comercial,4.4,Refrigeração,Excelente
655,335.7,0,9,Apartamento,4.5,Climatização,Bom
656,629.7,1,24,Apartamento,8.5,Outros,Crítico
657,451.4,0,2,Casa,11.1,Serviços,Excelente
658,845.8,1,23,Comercial,3.2,Refrigeração,Ruim
659,559.3,0,23,Apartamento,6.2,Iluminação,Ruim
660,563.0,1,22,Apartamento,3.8,Iluminação,Crítico
661,729.7,0,6,Comercial,7.6,Eletrodomésticos,Excelente
662,772.7,1,19,Comercial,3.7,Climatização,Ruim
663,558.2,0,2,Comercial,4.9,Climatização,Excelente
664,322.5,0,4,Casa,0.8,Eletrodomésticos,Excelente
665,510.5,0,16,Casa,4.9,Climatização,Bom
666,418.8,1,11,Apartamento,7.4,Iluminação,Crítico
667,370.3,0,2,Casa,4.3,Refrigeração,Excelente
668,712.3,1,21,Casa,5.9,Outros,Crítico
669,497.3,1,18,Casa,2.6,Outros,Ruim
670,421.3,1,13,Casa,2.6,Eletrodomésticos,Mediano
671,509.2,0,22,Casa,2.0,Serviços,Bom
672,367.0,1,11,Apartamento,3.3,Refrigeração,Ruim
673,391.0,0,7,Apartamento,10.7,Eletrodomésticos,Bom
674,721.5,1,6,Comercial,6.7,Refrigeração,Mediano
675,602.2,1,10,Casa,11.1,Climatização,Crítico
676,385.6,1,7,Apartamento,9.8,Serviços,Crítico
677,530.8,1,18,Apartamento,10.1,Tecnologia,Crítico
678,523.9,1,17,Apartamento,6.5,Eletrodomésticos,Crítico
679,721.9,1,20,Casa,6.3,Refrigeração,Crítico
680,515.0,0,15,Apartamento,11.8,Tecnologia,Ruim
681,335.0,0,5,Apartamento,6.2,Serviços,Excelente
682,400.6,1,9,Casa,3.1,Iluminação,Mediano
683,621.6,1,17,Casa,9.3,Iluminação,Crítico
684,395.1,0,14,Casa,6.1,Refrigeração,Bom
685,494.9,1,8,Casa,10.8,Outros,Ruim
686,340.6,1,6,Apartamento,7.0,Serviços,Ruim
687,274.3,1,5,Apartamento,1.4,Eletrodomésticos,Mediano
688,537.2,0,8,Comercial,0.4,Climatização,Excelente
689,540.8,1,8,Casa,11.8,Outros,Crítico
690,517.5,1,12,Casa,3.5,Climatização,Ruim
691,638.4,1,2,Comercial,4.2,Refrigeração,Mediano
692,773.9,0,24,Comercial,2.3,Refrigeração,Bom
693,383.4,0,10,Casa,3.9,Refrigeração,Excelente
694,541.9,0,25,Casa,6.3,Climatização,Mediano
695,464.4,0,18,Apartamento,9.3,Eletrodomésticos,Mediano
696,380.7,1,10,Apartamento,3.6,Iluminação,Ruim
697,369.5,0,20,Apartamento,0.1,Eletrodomésticos,Bom
698,867.5,0,7,Comercial,11.5,Tecnologia,Bom
699,674.3,0,19,Casa,11.7,Outros,Mediano
700,759.4,0,19,Comercial,6.9,Climatização,Bom
701,783.9,1,20,Comercial,8.3,Climatização,Crítico
702,642.2,1,21,Casa,8.3,Serviços,Crítico
703,376.9,0,6,Casa,6.3,Outros,Excelente
704,402.1,1,13,Apartamento,6.8,Refrigeração,Crítico
705,390.8,0,2,Casa,8.3,Climatização,Excelente
706,532.5,1,8,Casa,8.3,Refrigeração,Ruim
707,972.7,1,20,Comercial,9.9,Eletrodomésticos,Crítico
708,584.9,1,25,Apartamento,7.4,Tecnologia,Crítico
709,387.5,0,4,Casa,6.0,Eletrodomésticos,Excelente
710,373.6,0,20,Apartamento,0.4,Serviços,Bom
711,547.1,1,7,Casa,10.7,Serviços,Ruim
712,304.8,0,16,Apartamento,0.3,Climatização,Excelente
713,277.3,0,1,Apartamento,9.3,Serviços,Excelente
714,756.4,0,17,Comercial,5.9,Serviços,Bom
715,485.8,0,15,Apartamento,10.9,Outros,Mediano
716,770.1,0,13,Comercial,6.6,Refrigeração,Bom
717,617.0,0,22,Casa,10.2,Outros,Mediano
718,601.7,1,22,Casa,4.2,Refrigeração,Crítico
719,609.6,0,10,Comercial,9.5,Climatização,Excelente
720,337.5,1,5,Apartamento,10.5,Tecnologia,Ruim
721,828.5,0,20,Comercial,7.9,Refrigeração,Bom
722,759.6,1,23,Casa,7.1,Eletrodomésticos,Crítico
723,513.9,0,14,Casa,6.5,Tecnologia,Bom
724,818.9,0,13,Comercial,8.7,Climatização,Bom
725,485.0,1,17,Apartamento,7.6,Serviços,Crítico
726,460.9,0,16,Casa,0.7,Climatização,Excelente
727,383.0,0,4,Casa,5.1,Climatização,Excelente
728,335.0,0,3,Apartamento,9.5,Eletrodomésticos,Bom
729,613.9,0,11,Comercial,3.9,Tecnologia,Excelente
730,780.9,1,20,Comercial,0.5,Refrigeração,Ruim
731,445.3,0,14,Apartamento,10.6,Eletrodomésticos,Mediano
732,339.4,0,11,Apartamento,6.3,Tecnologia,Bom
733,397.8,1,8,Apartamento,6.8,Iluminação,Ruim
734,510.4,0,19,Casa,1.9,Iluminação,Bom
735,344.5,0,2,Casa,6.9,Refrigeração,Excelente
736,677.6,1,10,Comercial,2.2,Outros,Mediano
737,665.0,0,9,Comercial,2.9,Iluminação,Excelente
738,475.5,0,5,Casa,8.7,Tecnologia,Bom
739,297.1,0,5,Apartamento,5.9,Outros,Excelente
740,343.2,0,13,Apartamento,5.5,Outros,Bom
741,777.0,0,18,Comercial,11.4,Eletrodomésticos,Mediano
742,614.5,1,13,Casa,4.3,Eletrodomésticos,Ruim
743,573.5,1,14,Casa,7.0,Eletrodomésticos,Crítico
744,723.1,0,14,Comercial,1.0,Eletrodomésticos,Excelente
745,483.4,1,11,Apartamento,6.9,Outros,Crítico
746,643.0,0,7,Comercial,4.6,Climatização,Excelente
747,453.6,1,4,Casa,6.6,Eletrodomésticos,Mediano
748,422.1,0,24,Casa,0.6,Outros,Bom
749,891.4,1,17,Comercial,5.8,Outros,Ruim
750,588.1,1,1,Comercial,2.7,Iluminação,Bom
751,732.7,1,8,Comercial,8.2,Climatização,Ruim
752,463.7,0,15,Apartamento,6.3,Iluminação,Mediano
753,327.8,1,7,Apartamento,3.1,Tecnologia,Mediano
754,270.2,0,4,Apartamento,8.0,Tecnologia,Excelente
755,765.9,0,18,Comercial,0.9,Climatização,Excelente
756,389.8,0,9,Apartamento,5.8,Outros,Bom
757,577.7,1,17,Apartamento,11.5,Climatização,Crítico
758,754.9,1,9,Comercial,7.1,Refrigeração,Ruim
759,473.2,0,16,Casa,0.5,Serviços,Excelente
760,628.1,1,24,Apartamento,8.4,Eletrodomésticos,Crítico
761,885.0,1,12,Comercial,11.3,Refrigeração,Ruim
762,540.0,1,7,Casa,6.7,Eletrodomésticos,Ruim
763,620.2,1,1,Comercial,11.0,Refrigeração,Mediano
764,417.6,0,4,Casa,3.6,Eletrodomésticos,Excelente
765,431.7,1,9,Apartamento,5.0,Iluminação,Ruim
766,336.5,0,18,Apartamento,3.6,Serviços,Bom
767,358.4,1,1,Casa,1.1,Serviços,Bom
768,624.3,1,18,Casa,3.8,Refrigeração,Crítico
769,800.9,1,6,Comercial,9.5,Refrigeração,Ruim
770,471.6,0,5,Comercial,0.0,Climatização,Excelente
771,614.3,0,23,Casa,11.7,Tecnologia,Ruim
772,547.3,1,25,Apartamento,1.4,Refrigeração,Crítico
773,645.6,1,21,Casa,6.7,Eletrodomésticos,Crítico
774,656.9,0,5,Comercial,7.5,Outros,Excelente
775,534.5,0,19,Casa,0.3,Refrigeração,Bom
776,445.7,1,15,Apartamento,2.8,Climatização,Crítico
777,575.8,1,3,Casa,11.3,Climatização,Ruim
778,736.4,0,13,Comercial,9.1,Climatização,Bom
779,399.6,0,22,Apartamento,2.0,Iluminação,Mediano
780,380.3,1,12,Apartamento,4.1,Refrigeração,Ruim
781,752.0,1,16,Comercial,2.2,Refrigeração,Ruim
782,823.6,0,18,Comercial,7.6,Eletrodomésticos,Bom
783,245.6,0,4,Apartamento,1.3,Climatização,Excelente
784,668.1,1,7,Comercial,0.6,Refrigeração,Mediano
785,278.0,0,10,Apartamento,3.9,Iluminação,Excelente
786,634.8,0,19,Casa,5.5,Eletrodomésticos,Mediano
787,553.3,1,17,Apartamento,10.5,Tecnologia,Crítico
788,770.4,1,20,Comercial,4.0,Serviços,Ruim
789,638.9,0,18,Casa,5.6,Serviços,Mediano
790,882.5,1,17,Comercial,10.2,Refrigeração,Crítico
791,419.4,1,14,Casa,3.6,Tecnologia,Ruim
792,473.0,1,5,Casa,9.0,Climatização,Ruim
793,284.3,0,2,Apartamento,8.8,Iluminação,Excelente
794,577.9,0,6,Comercial,1.4,Climatização,Excelente
795,505.1,0,16,Casa,3.7,Iluminação,Bom
796,535.0,1,14,Casa,6.2,Outros,Ruim
797,443.5,0,15,Apartamento,7.2,Climatização,Mediano
798,420.9,1,18,Apartamento,4.3,Tecnologia,Crítico
799,440.7,0,15,Apartamento,6.1,Outros,Mediano
800,647.2,0,14,Comercial,0.0,Climatização,Excelente
801,511.6,1,14,Casa,4.7,Climatização,Ruim
802,419.5,1,21,Apartamento,1.4,Eletrodomésticos,Crítico
803,345.0,0,3,Apartamento,6.2,Climatização,Excelente
804,553.0,1,7,Casa,10.3,Outros,Ruim
805,250.1,0,13,Apartamento,1.0,Climatização,Excelente
806,709.3,0,13,Comercial,5.8,Refrigeração,Excelente
807,517.6,1,17,Apartamento,11.8,Climatização,Crítico
808,534.3,1,13,Casa,8.8,Iluminação,Crítico
809,249.8,0,7,Apartamento,3.2,Outros,Excelente
810,631.1,0,25,Casa,10.4,Eletrodomésticos,Ruim
811,234.9,0,1,Casa,0.4,Iluminação,Excelente
812,465.7,1,10,Apartamento,6.2,Refrigeração,Crítico
813,959.3,1,20,Comercial,5.7,Climatização,Crítico
814,505.2,0,18,Apartamento,8.8,Eletrodomésticos,Ruim
815,538.0,0,23,Casa,4.4,Serviços,Mediano
816,823.5,0,21,Comercial,4.1,Climatização,Bom
817,879.5,1,15,Comercial,11.4,Iluminação,Crítico
818,536.9,1,17,Apartamento,8.3,Tecnologia,Crítico
819,550.8,0,21,Casa,3.9,Climatização,Bom
820,354.9,1,4,Casa,2.3,Outros,Mediano
821,496.0,1,19,Apartamento,1.4,Refrigeração,Crítico
822,489.7,0,21,Apartamento,2.8,Eletrodomésticos,Mediano
823,465.3,0,19,Apartamento,11.0,Serviços,Ruim
824,448.6,0,10,Casa,5.0,Iluminação,Excelente
825,828.0,1,17,Comercial,6.9,Climatização,Ruim
826,424.0,0,18,Apartamento,4.1,Serviços,Mediano
827,486.6,1,13,Apartamento,4.9,Refrigeração,Crítico
828,248.7,0,8,Apartamento,1.8,Iluminação,Excelente
829,445.3,0,17,Apartamento,7.8,Climatização,Mediano
830,659.7,0,8,Comercial,10.4,Climatização,Excelente
831,308.3,1,4,Apartamento,8.1,Eletrodomésticos,Ruim
832,633.4,0,19,Casa,8.3,Refrigeração,Mediano
833,497.4,1,17,Apartamento,6.1,Serviços,Crítico
834,653.9,1,1,Comercial,2.7,Tecnologia,Bom
835,390.4,1,11,Apartamento,2.9,Outros,Ruim
836,566.6,1,16,Casa,6.2,Serviços,Crítico
837,558.4,1,11,Casa,3.5,Serviços,Ruim
838,426.6,0,11,Casa,4.7,Outros,Excelente
839,795.7,0,23,Comercial,7.1,Outros,Bom
840,957.3,1,15,Comercial,8.0,Climatização,Ruim
841,422.4,0,13,Apartamento,3.7,Iluminação,Bom
842,708.4,0,11,Comercial,6.7,Iluminação,Excelente
843,807.3,1,21,Casa,11.5,Serviços,Crítico
844,387.6,1,7,Apartamento,4.5,Climatização,Ruim
845,504.0,0,19,Apartamento,11.5,Climatização,Ruim
846,344.2,1,9,Apartamento,3.3,Outros,Ruim
847,743.2,0,11,Comercial,9.8,Iluminação,Bom
848,384.0,0,16,Apartamento,5.5,Serviços,Bom
849,650.7,0,7,Comercial,1.1,Refrigeração,Excelente
850,709.8,0,18,Comercial,2.8,Refrigeração,Excelente
851,483.4,1,10,Casa,4.8,Refrigeração,Ruim
852,639.1,1,6,Comercial,0.1,Climatização,Bom
853,278.7,1,7,Apartamento,2.1,Iluminação,Mediano
854,570.5,0,5,Comercial,1.0,Refrigeração,Excelente
855,895.4,1,22,Comercial,2.3,Climatização,Ruim
856,583.7,0,24,Apartamento,7.9,Outros,Ruim
857,894.3,1,25,Comercial,7.9,Refrigeração,Crítico
858,782.2,1,4,Comercial,11.1,Climatização,Ruim
859,619.2,1,5,Comercial,2.1,Refrigeração,Mediano
860,1011.1,1,18,Comercial,11.7,Iluminação,Crítico
861,509.5,0,14,Casa,5.8,Climatização,Bom
862,464.8,1,7,Casa,3.2,Refrigeração,Mediano
863,857.3,0,18,Comercial,10.7,Tecnologia,Mediano
864,866.9,1,11,Comercial,7.8,Climatização,Ruim
865,477.0,0,24,Apartamento,6.7,Outros,Ruim
866,395.3,1,14,Apartamento,1.9,Iluminação,Ruim
867,797.8,1,14,Comercial,7.1,Iluminação,Ruim
868,446.7,0,18,Apartamento,5.6,Iluminação,Mediano
869,467.2,1,8,Apartamento,9.5,Tecnologia,Crítico
870,482.4,0,9,Casa,9.2,Climatização,Bom
871,523.2,0,22,Apartamento,6.0,Serviços,Ruim
872,645.6,0,17,Comercial,0.1,Refrigeração,Excelente
873,688.7,0,6,Comercial,11.9,Climatização,Bom
874,269.4,1,8,Apartamento,0.3,Outros,Mediano
875,524.0,0,15,Casa,7.6,Refrigeração,Bom
876,716.6,0,23,Casa,11.9,Serviços,Ruim
877,674.9,1,6,Comercial,5.4,Refrigeração,Mediano
878,840.5,1,22,Comercial,9.5,Refrigeração,Crítico
879,414.7,1,4,Apartamento,10.6,Climatização,Crítico
880,739.5,1,18,Casa,11.6,Refrigeração,Crítico
881,250.6,0,1,Apartamento,5.6,Eletrodomésticos,Excelente
882,639.5,1,25,Casa,3.4,Outros,Crítico
883,413.3,1,8,Apartamento,6.5,Climatização,Ruim
884,710.0,1,21,Casa,9.0,Outros,Crítico
885,942.2,1,19,Comercial,6.4,Serviços,Crítico
886,527.4,0,9,Casa,11.7,Outros,Bom
887,434.3,1,13,Apartamento,9.8,Iluminação,Crítico
888,683.7,1,6,Comercial,3.1,Refrigeração,Mediano
889,597.8,1,22,Casa,7.4,Serviços,Crítico
890,415.0,1,8,Casa,0.6,Eletrodomésticos,Mediano
891,453.1,0,24,Apartamento,2.9,Refrigeração,Mediano
892,276.9,0,2,Casa,0.5,Eletrodomésticos,Excelente
893,807.6,1,9,Comercial,9.1,Climatização,Ruim
894,448.7,1,3,Apartamento,10.0,Eletrodomésticos,Crítico
895,491.2,1,12,Apartamento,9.5,Tecnologia,Crítico
896,863.8,1,23,Comercial,5.6,Refrigeração,Crítico
897,732.9,0,10,Comercial,6.2,Climatização,Excelente
898,702.1,0,23,Casa,7.0,Eletrodomésticos,Mediano
899,330.1,0,8,Apartamento,4.8,Outros,Bom
900,287.5,0,2,Apartamento,6.0,Refrigeração,Excelente
901,822.0,0,18,Comercial,6.4,Refrigeração,Bom
902,524.7,1,18,Apartamento,9.5,Tecnologia,Crítico
903,503.3,0,11,Casa,5.7,Refrigeração,Bom
904,549.1,0,22,Casa,7.8,Eletrodomésticos,Mediano
905,651.5,0,4,Comercial,8.4,Climatização,Excelente
906,375.4,0,13,Apartamento,4.7,Outros,Bom
907,421.4,0,11,Apartamento,6.8,Eletrodomésticos,Bom
908,869.3,1,23,Comercial,6.1,Iluminação,Crítico
909,717.9,1,1,Comercial,10.0,Climatização,Mediano
910,512.4,0,10,Casa,8.7,Climatização,Bom
911,652.6,1,4,Comercial,5.2,Outros,Mediano
912,745.3,1,22,Casa,8.9,Tecnologia,Crítico
913,451.9,1,6,Apartamento,11.9,Climatização,Crítico
914,381.0,1,4,Apartamento,9.5,Climatização,Ruim
915,562.0,1,25,Casa,2.3,Outros,Crítico
916,481.9,1,7,Casa,7.2,Iluminação,Ruim
917,556.3,1,9,Casa,9.4,Eletrodomésticos,Ruim
918,566.7,1,11,Casa,10.1,Climatização,Crítico
919,404.8,1,7,Casa,2.9,Serviços,Mediano
920,808.7,1,23,Comercial,1.2,Refrigeração,Ruim
921,744.2,0,9,Comercial,8.7,Eletrodomésticos,Excelente
922,379.6,1,8,Apartamento,6.9,Iluminação,Ruim
923,649.7,1,24,Apartamento,9.1,Iluminação,Crítico
924,618.7,1,20,Apartamento,8.3,Tecnologia,Crítico
925,546.1,1,8,Casa,11.2,Outros,Ruim
926,753.6,0,16,Comercial,8.0,Iluminação,Bom
927,788.7,0,11,Comercial,10.9,Eletrodomésticos,Bom
928,433.8,0,22,Apartamento,1.8,Iluminação,Mediano
929,576.8,0,3,Comercial,3.2,Climatização,Excelente
930,709.8,1,16,Casa,11.9,Eletrodomésticos,Crítico
931,244.1,0,7,Apartamento,3.6,Serviços,Excelente
932,443.7,1,4,Casa,7.6,Refrigeração,Mediano
933,478.7,0,20,Apartamento,11.2,Serviços,Ruim
934,465.5,0,16,Casa,7.0,Climatização,Bom
935,697.9,0,5,Comercial,10.7,Refrigeração,Excelente
936,659.9,0,1,Comercial,7.5,Tecnologia,Excelente
937,696.1,0,11,Comercial,7.6,Refrigeração,Excelente
938,805.4,0,25,Comercial,5.2,Tecnologia,Bom
939,644.7,1,24,Casa,8.2,Climatização,Crítico
940,418.3,0,11,Apartamento,5.9,Climatização,Bom
941,243.0,1,1,Apartamento,0.6,Refrigeração,Bom
942,606.9,0,22,Apartamento,11.4,Eletrodomésticos,Crítico
943,317.0,0,9,Apartamento,5.2,Climatização,Bom
944,808.4,1,16,Comercial,5.8,Refrigeração,Ruim
945,440.4,1,14,Casa,1.4,Climatização,Mediano
946,771.7,1,14,Comercial,9.9,Outros,Ruim
947,479.3,1,12,Casa,4.9,Serviços,Ruim
948,693.1,0,10,Comercial,3.0,Tecnologia,Excelente
949,489.1,1,18,Casa,1.4,Refrigeração,Ruim
950,713.8,1,3,Comercial,6.7,Climatização,Mediano
951,710.7,1,21,Apartamento,11.2,Serviços,Crítico
952,453.2,0,17,Casa,0.4,Iluminação,Excelente
953,378.3,0,5,Casa,4.4,Climatização,Excelente
954,987.1,0,25,Comercial,11.8,Climatização,Mediano
955,579.7,0,1,Comercial,4.9,Climatização,Excelente
956,440.0,0,9,Apartamento,10.4,Eletrodomésticos,Mediano
957,550.1,1,14,Casa,7.5,Outros,Crítico
958,919.0,1,22,Comercial,4.1,Refrigeração,Ruim
959,237.0,1,4,Apartamento,1.2,Refrigeração,Mediano
960,533.3,1,18,Apartamento,8.8,Tecnologia,Crítico
961,515.6,0,12,Casa,6.7,Refrigeração,Bom
962,582.6,0,22,Casa,2.6,Refrigeração,Bom
963,535.9,0,10,Casa,9.8,Outros,Bom
964,306.7,0,5,Casa,0.8,Refrigeração,Excelente
965,347.7,1,6,Apartamento,5.0,Refrigeração,Ruim
966,831.4,1,20,Comercial,3.3,Climatização,Ruim
967,870.6,1,20,Comercial,7.9,Refrigeração,Crítico
968,756.2,0,17,Comercial,2.7,Refrigeração,Excelente
969,538.3,0,22,Casa,7.6,Iluminação,Mediano
970,426.9,0,20,Apartamento,3.0,Climatização,Mediano
971,733.2,0,6,Comercial,8.7,Refrigeração,Excelente
972,469.3,1,6,Casa,7.6,Iluminação,Ruim
973,806.6,0,15,Comercial,8.8,Climatização,Bom
974,753.9,1,16,Comercial,1.1,Climatização,Mediano
975,514.1,0,2,Comercial,0.1,Climatização,Excelente
976,394.0,1,13,Apartamento,3.3,Serviços,Ruim
977,372.0,1,18,Apartamento,0.6,Eletrodomésticos,Ruim
978,245.1,0,6,Apartamento,5.7,Tecnologia,Excelente
979,546.2,0,2,Comercial,0.4,Iluminação,Excelente
980,801.1,1,10,Comercial,9.5,Eletrodomésticos,Ruim
981,508.0,0,8,Casa,11.2,Serviços,Bom
982,696.5,1,14,Comercial,4.0,Tecnologia,Mediano
983,570.6,1,21,Apartamento,6.8,Tecnologia,Crítico
984,770.2,1,14,Comercial,6.4,Climatização,Ruim
985,393.0,1,4,Apartamento,10.4,Tecnologia,Ruim
986,598.6,1,5,Comercial,0.2,Iluminação,Bom
987,307.6,0,7,Apartamento,8.7,Serviços,Bom
988,730.7,0,25,Comercial,0.2,Refrigeração,Bom
989,928.8,0,18,Comercial,9.2,Climatização,Bom
990,678.4,1,23,Casa,10.6,Iluminação,Crítico
991,795.4,1,10,Comercial,6.8,Refrigeração,Ruim
992,428.6,0,9,Casa,3.4,Outros,Excelente
993,230.0,0,10,Apartamento,2.4,Eletrodomésticos,Excelente
994,661.1,0,5,Comercial,6.2,Climatização,Excelente
995,377.3,0,6,Casa,2.9,Refrigeração,Excelente
996,445.8,0,19,Casa,1.7,Serviços,Bom
997,490.7,0,7,Casa,9.2,Tecnologia,Bom
998,209.0,0,5,Apartamento,1.4,Tecnologia,Excelente
999,633.7,0,4,Comercial,5.6,Climatização,Excelente
1000,527.8,0,17,Casa,5.8,Refrigeração,Bom
